{"cameraMode":{"drawMode":0,"name":"Shaded","section":"Shading Mode"},"sceneLighting":false,"audioPlay":false,"sceneViewState":{"showFog":true,"showMaterialUpdate":false,"showSkybox":false,"showFlares":true,"showImageEffects":true,"showParticleSystems":true},"in2DMode":false,"pivot":{"x":8.940696716308594e-8,"y":0.0,"z":5.960464477539063e-8},"rotation":{"x":0.48665109276771548,"y":-0.22510714828968049,"z":0.13138367235660554,"w":0.8338080644607544},"size":1.5431007146835328,"orthographic":false}