{"cameraMode":{"drawMode":0,"name":"Shaded","section":"Shading Mode"},"sceneLighting":true,"audioPlay":false,"sceneViewState":{"showFog":true,"showMaterialUpdate":false,"showSkybox":true,"showFlares":true,"showImageEffects":true,"showParticleSystems":true},"in2DMode":false,"pivot":{"x":0.6979445815086365,"y":-0.3552303612232208,"z":-2.901540994644165},"rotation":{"x":0.22722099721431733,"y":0.06889238953590393,"z":-0.01611720211803913,"w":0.9712696075439453},"size":18.267133712768556,"orthographic":false}